<?xml version="1.0" encoding="UTF-8" standalone="no"?>
<ds_strings_archive archive_type="0" lang="en" lang_full="English" region_id="2">
	<!-- General -->
    <string block_id="0" entry_id="78" table_id="15">x2!</string>
    <string block_id="0" entry_id="17" table_id="15">{01}!</string>
    <string block_id="0" entry_id="42" table_id="15">{09}</string>
    <string block_id="0" entry_id="43" table_id="15">{09}</string>
    <string block_id="0" entry_id="44" table_id="15">{09}</string>
    <string block_id="0" entry_id="59" table_id="15">{09}</string>
    <string block_id="0" entry_id="60" table_id="15">{09}</string>
    <string block_id="0" entry_id="58" table_id="15">{09}</string><!-- Money obtained -->
    <string block_id="0" entry_id="1" table_id="14">{09}</string>
    <string block_id="0" entry_id="384" table_id="14">Crit!</string>
    <string block_id="0" entry_id="385" table_id="14">Crit!</string>
    <string block_id="0" entry_id="386" table_id="14">Crit!</string>
    <string block_id="0" entry_id="1" table_id="15">{09}</string>
    <string block_id="0" entry_id="2" table_id="15">{09}</string>
    <string block_id="0" entry_id="3" table_id="15">{09}</string>
    <string block_id="0" entry_id="4" table_id="15">{09}</string>

	<!-- Payday -->
    <string block_id="0" entry_id="122" table_id="15">{09}</string>
    <string block_id="0" entry_id="1" table_id="14">{09}</string>
    <string block_id="0" entry_id="72" table_id="15">Escaped!</string>
    <string block_id="0" entry_id="176" table_id="234">{09}</string>
    <string block_id="0" entry_id="177" table_id="234">{09}</string>

    <!-- Learn Move -->
    <string block_id="0" entry_id="32" table_id="157">{09}</string> <!-- Wants to Learn -->
    <string block_id="0" entry_id="3" table_id="204">{09}</string> <!-- Learned Text -->
    <string block_id="0" entry_id="4" table_id="204">{09}</string> <!-- Wants To Learn -->
    <string block_id="0" entry_id="5" table_id="204">{09}</string> <!-- Move Learned Delay -->
    <string block_id="0" entry_id="6" table_id="204">{09}</string> <!-- Learned -->
    <string block_id="0" entry_id="7" table_id="204">{09}</string>  <!-- Give Up Learn Prompt -->
    <string block_id="0" entry_id="8" table_id="204">{09}</string> <!-- Not Learned -->
    <string block_id="0" entry_id="38" table_id="157">{09}</string> <!-- Not Learned -->
    <string block_id="0" entry_id="16" table_id="204">{09}</string>
    <string block_id="0" entry_id="40" table_id="157">{09}</string>
    <string block_id="0" entry_id="41" table_id="157">{09}</string>

	<!-- Evolving -->
    <string block_id="0" entry_id="0" table_id="172">{00} evolving.</string>
    <string block_id="0" entry_id="1" table_id="172">{00} stopped evolving.</string>
    <string block_id="0" entry_id="2" table_id="172">{00} to {01}.</string>

    <!-- TMs -->
    <string block_id="0" entry_id="52" table_id="8">{09}</string> <!-- TM Usage -->
    <string block_id="0" entry_id="53" table_id="8">{09}</string> <!-- TM Usage -->

    <!-- Gym Reruns -->
    <string block_id="0" entry_id="131" table_id="189">{09}</string>
    <string block_id="0" entry_id="143" table_id="189">{09}</string>
    <string block_id="0" entry_id="154" table_id="189">{09}</string>
    <string block_id="0" entry_id="165" table_id="189">{09}</string>
    <string block_id="0" entry_id="168" table_id="189">{09}</string>
    <string block_id="0" entry_id="420" table_id="189">{09}</string>
    <string block_id="0" entry_id="423" table_id="189">{09}</string>
   
    <!-- Story & Trainers -->
	<string block_id="0" entry_id="0" table_id="192">{09}</string>
	<string block_id="0" entry_id="1" table_id="192">{09}</string>
	<string block_id="0" entry_id="2" table_id="192">{09}</string>
	<string block_id="0" entry_id="3" table_id="192">{09}</string>
	<string block_id="0" entry_id="4" table_id="192">{09}</string>
	<string block_id="0" entry_id="0" table_id="193">{09}</string>
	<string block_id="0" entry_id="0" table_id="194">{09}</string>
	<string block_id="0" entry_id="0" table_id="195">{09}</string>
	<string block_id="0" entry_id="1" table_id="195">{09}</string>
	<string block_id="0" entry_id="2" table_id="195">{09}</string>
	<string block_id="0" entry_id="3" table_id="195">{09}</string>
	<string block_id="0" entry_id="0" table_id="196">{09}</string>
	<string block_id="0" entry_id="0" table_id="197">{09}</string>
	<string block_id="0" entry_id="0" table_id="198">{09}</string>
	<string block_id="0" entry_id="119" table_id="189">{09}</string>
	<string block_id="0" entry_id="0" table_id="189">{09}</string>
	<string block_id="0" entry_id="1" table_id="189">{09}</string>
	<string block_id="0" entry_id="2" table_id="189">{09}</string>
	<string block_id="0" entry_id="3" table_id="189">{09}</string>
	<string block_id="0" entry_id="4" table_id="189">{09}</string>
	<string block_id="0" entry_id="5" table_id="189">{09}</string>
	<string block_id="0" entry_id="6" table_id="189">{09}</string>
	<string block_id="0" entry_id="7" table_id="189">{09}</string>
	<string block_id="0" entry_id="8" table_id="189">{09}</string>
	<string block_id="0" entry_id="135" table_id="189">{09}</string>
	<string block_id="0" entry_id="136" table_id="189">{09}</string>
	<string block_id="0" entry_id="137" table_id="189">{09}</string>
	<string block_id="0" entry_id="138" table_id="189">{09}</string>
	<string block_id="0" entry_id="139" table_id="189">{09}</string>
	<string block_id="0" entry_id="140" table_id="189">{09}</string>
	<string block_id="0" entry_id="184" table_id="189">{09}</string>
	<string block_id="0" entry_id="185" table_id="189">{09}</string>
	<string block_id="0" entry_id="186" table_id="189">{09}</string>
	<string block_id="0" entry_id="187" table_id="189">{09}</string>
	<string block_id="0" entry_id="188" table_id="189">{09}</string>
	<string block_id="0" entry_id="189" table_id="189">{09}</string>
	<string block_id="0" entry_id="10" table_id="15">{09}</string>
	<string block_id="0" entry_id="17" table_id="189">{09}</string>
	<string block_id="0" entry_id="18" table_id="189">{09}</string>
	<string block_id="0" entry_id="27" table_id="189">{09}</string>
	<string block_id="0" entry_id="28" table_id="189">{09}</string>
	<string block_id="0" entry_id="29" table_id="189">{09}</string>
	<string block_id="0" entry_id="30" table_id="189">{09}</string>
	<string block_id="0" entry_id="34" table_id="189">{09}</string>
	<string block_id="0" entry_id="35" table_id="189">{09}</string>
	<string block_id="0" entry_id="36" table_id="189">{09}</string>
	<string block_id="0" entry_id="31" table_id="189">{09}</string>
	<string block_id="0" entry_id="32" table_id="189">{09}</string>
	<string block_id="0" entry_id="33" table_id="189">{09}</string>
	<string block_id="0" entry_id="13" table_id="189">{09}</string>
	<string block_id="0" entry_id="14" table_id="189">{09}</string>
	<string block_id="0" entry_id="16" table_id="189">{09}</string>
	<string block_id="0" entry_id="37" table_id="189">{09}</string>
	<string block_id="0" entry_id="38" table_id="189">{09}</string>
	<string block_id="0" entry_id="39" table_id="189">{09}</string>
	<string block_id="0" entry_id="43" table_id="189">{09}</string>
	<string block_id="0" entry_id="44" table_id="189">{09}</string>
	<string block_id="0" entry_id="45" table_id="189">{09}</string>
	<string block_id="0" entry_id="815" table_id="189">{09}</string>
	<string block_id="0" entry_id="816" table_id="189">{09}</string>
	<string block_id="0" entry_id="817" table_id="189">{09}</string>
	<string block_id="0" entry_id="40" table_id="189">{09}</string>
	<string block_id="0" entry_id="41" table_id="189">{09}</string>
	<string block_id="0" entry_id="42" table_id="189">{09}</string>
	<string block_id="0" entry_id="97" table_id="189">{09}</string>
	<string block_id="0" entry_id="144" table_id="189">{09}</string>
	<string block_id="0" entry_id="145" table_id="189">{09}</string>
	<string block_id="0" entry_id="146" table_id="189">{09}</string>
	<string block_id="0" entry_id="1391" table_id="189">{09}</string>
	<string block_id="0" entry_id="1392" table_id="189">{09}</string>
	<string block_id="0" entry_id="1393" table_id="189">{09}</string>
	<string block_id="0" entry_id="1394" table_id="189">{09}</string>
	<string block_id="0" entry_id="1289" table_id="189">{09}</string>
	<string block_id="0" entry_id="1290" table_id="189">{09}</string>
	<string block_id="0" entry_id="1291" table_id="189">{09}</string>
	<string block_id="0" entry_id="1292" table_id="189">{09}</string>
	<string block_id="0" entry_id="1293" table_id="189">{09}</string>
	<string block_id="0" entry_id="1294" table_id="189">{09}</string>
	<string block_id="0" entry_id="533" table_id="189">{09}</string>
	<string block_id="0" entry_id="534" table_id="189">{09}</string>
	<string block_id="0" entry_id="535" table_id="189">{09}</string>
	<string block_id="0" entry_id="530" table_id="189">{09}</string>
	<string block_id="0" entry_id="531" table_id="189">{09}</string>
	<string block_id="0" entry_id="532" table_id="189">{09}</string>
	<string block_id="0" entry_id="287" table_id="189">{09}</string>
	<string block_id="0" entry_id="288" table_id="189">{09}</string>
	<string block_id="0" entry_id="289" table_id="189">{09}</string>
	<string block_id="0" entry_id="415" table_id="189">{09}</string>
	<string block_id="0" entry_id="416" table_id="189">{09}</string>
	<string block_id="0" entry_id="417" table_id="189">{09}</string>
	<string block_id="0" entry_id="199" table_id="189">{09}</string>
	<string block_id="0" entry_id="200" table_id="189">{09}</string>
	<string block_id="0" entry_id="201" table_id="189">{09}</string>
	<string block_id="0" entry_id="202" table_id="189">{09}</string>
	<string block_id="0" entry_id="203" table_id="189">{09}</string>
	<string block_id="0" entry_id="205" table_id="189">{09}</string>
	<string block_id="0" entry_id="206" table_id="189">{09}</string>
	<string block_id="0" entry_id="212" table_id="189">{09}</string>
	<string block_id="0" entry_id="213" table_id="189">{09}</string>
	<string block_id="0" entry_id="214" table_id="189">{09}</string>
	<string block_id="0" entry_id="215" table_id="189">{09}</string>
	<string block_id="0" entry_id="234" table_id="189">{09}</string>
	<string block_id="0" entry_id="235" table_id="189">{09}</string>
	<string block_id="0" entry_id="236" table_id="189">{09}</string>
	<string block_id="0" entry_id="224" table_id="189">{09}</string>
	<string block_id="0" entry_id="225" table_id="189">{09}</string>
	<string block_id="0" entry_id="226" table_id="189">{09}</string>
	<string block_id="0" entry_id="227" table_id="189">{09}</string>
	<string block_id="0" entry_id="220" table_id="189">{09}</string>
	<string block_id="0" entry_id="221" table_id="189">{09}</string>
	<string block_id="0" entry_id="222" table_id="189">{09}</string>
	<string block_id="0" entry_id="223" table_id="189">{09}</string>
	<string block_id="0" entry_id="216" table_id="189">{09}</string>
	<string block_id="0" entry_id="217" table_id="189">{09}</string>
	<string block_id="0" entry_id="218" table_id="189">{09}</string>
	<string block_id="0" entry_id="219" table_id="189">{09}</string>
	<string block_id="0" entry_id="296" table_id="189">{09}</string>
	<string block_id="0" entry_id="297" table_id="189">{09}</string>
	<string block_id="0" entry_id="298" table_id="189">{09}</string>
	<string block_id="0" entry_id="506" table_id="189">{09}</string>
	<string block_id="0" entry_id="507" table_id="189">{09}</string>
	<string block_id="0" entry_id="508" table_id="189">{09}</string>
	<string block_id="0" entry_id="500" table_id="189">{09}</string>
	<string block_id="0" entry_id="501" table_id="189">{09}</string>
	<string block_id="0" entry_id="502" table_id="189">{09}</string>
	<string block_id="0" entry_id="302" table_id="189">{09}</string>
	<string block_id="0" entry_id="303" table_id="189">{09}</string>
	<string block_id="0" entry_id="304" table_id="189">{09}</string>
	<string block_id="0" entry_id="443" table_id="189">{09}</string>
	<string block_id="0" entry_id="444" table_id="189">{09}</string>
	<string block_id="0" entry_id="445" table_id="189">{09}</string>
	<string block_id="0" entry_id="290" table_id="189">{09}</string>
	<string block_id="0" entry_id="291" table_id="189">{09}</string>
	<string block_id="0" entry_id="292" table_id="189">{09}</string>
	<string block_id="0" entry_id="497" table_id="189">{09}</string>
	<string block_id="0" entry_id="498" table_id="189">{09}</string>
	<string block_id="0" entry_id="499" table_id="189">{09}</string>
	<string block_id="0" entry_id="293" table_id="189">{09}</string>
	<string block_id="0" entry_id="294" table_id="189">{09}</string>
	<string block_id="0" entry_id="295" table_id="189">{09}</string>
	<string block_id="0" entry_id="446" table_id="189">{09}</string>
	<string block_id="0" entry_id="447" table_id="189">{09}</string>
	<string block_id="0" entry_id="448" table_id="189">{09}</string>
	<string block_id="0" entry_id="570" table_id="189">{09}</string>
	<string block_id="0" entry_id="571" table_id="189">{09}</string>
	<string block_id="0" entry_id="572" table_id="189">{09}</string>
	<string block_id="0" entry_id="576" table_id="189">{09}</string>
	<string block_id="0" entry_id="577" table_id="189">{09}</string>
	<string block_id="0" entry_id="578" table_id="189">{09}</string>
	<string block_id="0" entry_id="1295" table_id="189">{09}</string>
	<string block_id="0" entry_id="1296" table_id="189">{09}</string>
	<string block_id="0" entry_id="1297" table_id="189">{09}</string>
	<string block_id="0" entry_id="834" table_id="189">{09}</string>
	<string block_id="0" entry_id="835" table_id="189">{09}</string>
	<string block_id="0" entry_id="836" table_id="189">{09}</string>
	<string block_id="0" entry_id="67" table_id="189">{09}</string>
	<string block_id="0" entry_id="68" table_id="189">{09}</string>
	<string block_id="0" entry_id="69" table_id="189">{09}</string>
	<string block_id="0" entry_id="831" table_id="189">{09}</string>
	<string block_id="0" entry_id="832" table_id="189">{09}</string>
	<string block_id="0" entry_id="833" table_id="189">{09}</string>
	<string block_id="0" entry_id="258" table_id="189">{09}</string>
	<string block_id="0" entry_id="259" table_id="189">{09}</string>
	<string block_id="0" entry_id="260" table_id="189">{09}</string>
	<string block_id="0" entry_id="49" table_id="189">{09}</string>
	<string block_id="0" entry_id="50" table_id="189">{09}</string>
	<string block_id="0" entry_id="51" table_id="189">{09}</string>
	<string block_id="0" entry_id="46" table_id="189">{09}</string>
	<string block_id="0" entry_id="47" table_id="189">{09}</string>
	<string block_id="0" entry_id="48" table_id="189">{09}</string>
	<string block_id="0" entry_id="249" table_id="189">{09}</string>
	<string block_id="0" entry_id="250" table_id="189">{09}</string>
	<string block_id="0" entry_id="251" table_id="189">{09}</string>
	<string block_id="0" entry_id="1" table_id="205">{09}</string>
	<string block_id="0" entry_id="2" table_id="205">{09}</string>
	<string block_id="0" entry_id="3" table_id="205">{09}</string>
	<string block_id="0" entry_id="4" table_id="205">{09}</string>
	<string block_id="0" entry_id="5" table_id="205">{09}</string>
	<string block_id="0" entry_id="6" table_id="205">{09}</string>
	<string block_id="0" entry_id="7" table_id="205">{09}</string>
	<string block_id="0" entry_id="8" table_id="205">{09}</string>
	<string block_id="0" entry_id="9" table_id="205">{09}</string>
	<string block_id="0" entry_id="10" table_id="205">{09}</string>
	<string block_id="0" entry_id="11" table_id="205">{09}</string>
	<string block_id="0" entry_id="12" table_id="205">{09}</string>
	<string block_id="0" entry_id="13" table_id="205">{09}</string>
	<string block_id="0" entry_id="14" table_id="205">{09}</string>
	<string block_id="0" entry_id="15" table_id="205">{09}</string>
	<string block_id="0" entry_id="16" table_id="205">{09}</string>
	<string block_id="0" entry_id="17" table_id="205">{09}</string>
	<string block_id="0" entry_id="18" table_id="205">{09}</string>
	<string block_id="0" entry_id="19" table_id="205">{09}</string>
	<string block_id="0" entry_id="20" table_id="205">{09}</string>
	<string block_id="0" entry_id="21" table_id="205">{09}</string>
	<string block_id="0" entry_id="22" table_id="205">{09}</string>
	<string block_id="0" entry_id="23" table_id="205">{09}</string>
	<string block_id="0" entry_id="24" table_id="205">{09}</string>
	<string block_id="0" entry_id="25" table_id="205">{09}</string>
	<string block_id="0" entry_id="26" table_id="205">{09}</string>
	<string block_id="0" entry_id="160" table_id="189">{09}</string>
	<string block_id="0" entry_id="161" table_id="189">{09}</string>
	<string block_id="0" entry_id="162" table_id="189">{09}</string>
	<string block_id="0" entry_id="156" table_id="189">{09}</string>
	<string block_id="0" entry_id="157" table_id="189">{09}</string>
	<string block_id="0" entry_id="158" table_id="189">{09}</string>
	<string block_id="0" entry_id="85" table_id="189">{09}</string>
	<string block_id="0" entry_id="86" table_id="189">{09}</string>
	<string block_id="0" entry_id="87" table_id="189">{09}</string>
	<string block_id="0" entry_id="82" table_id="189">{09}</string>
	<string block_id="0" entry_id="83" table_id="189">{09}</string>
	<string block_id="0" entry_id="84" table_id="189">{09}</string>
	<string block_id="0" entry_id="79" table_id="189">{09}</string>
	<string block_id="0" entry_id="80" table_id="189">{09}</string>
	<string block_id="0" entry_id="81" table_id="189">{09}</string>
	<string block_id="0" entry_id="76" table_id="189">{09}</string>
	<string block_id="0" entry_id="77" table_id="189">{09}</string>
	<string block_id="0" entry_id="78" table_id="189">{09}</string>
	<string block_id="0" entry_id="91" table_id="189">{09}</string>
	<string block_id="0" entry_id="92" table_id="189">{09}</string>
	<string block_id="0" entry_id="93" table_id="189">{09}</string>
	<string block_id="0" entry_id="88" table_id="189">{09}</string>
	<string block_id="0" entry_id="89" table_id="189">{09}</string>
	<string block_id="0" entry_id="90" table_id="189">{09}</string>
	<string block_id="0" entry_id="521" table_id="189">{09}</string>
	<string block_id="0" entry_id="522" table_id="189">{09}</string>
	<string block_id="0" entry_id="523" table_id="189">{09}</string>
	<string block_id="0" entry_id="518" table_id="189">{09}</string>
	<string block_id="0" entry_id="519" table_id="189">{09}</string>
	<string block_id="0" entry_id="520" table_id="189">{09}</string>
	<string block_id="0" entry_id="178" table_id="189">{09}</string>
	<string block_id="0" entry_id="179" table_id="189">{09}</string>
	<string block_id="0" entry_id="180" table_id="189">{09}</string>
	<string block_id="0" entry_id="237" table_id="189">{09}</string>
	<string block_id="0" entry_id="238" table_id="189">{09}</string>
	<string block_id="0" entry_id="239" table_id="189">{09}</string>
	<string block_id="0" entry_id="243" table_id="189">{09}</string>
	<string block_id="0" entry_id="244" table_id="189">{09}</string>
	<string block_id="0" entry_id="245" table_id="189">{09}</string>
	<string block_id="0" entry_id="240" table_id="189">{09}</string>
	<string block_id="0" entry_id="241" table_id="189">{09}</string>
	<string block_id="0" entry_id="242" table_id="189">{09}</string>
	<string block_id="0" entry_id="175" table_id="189">{09}</string>
	<string block_id="0" entry_id="176" table_id="189">{09}</string>
	<string block_id="0" entry_id="177" table_id="189">{09}</string>
	<string block_id="0" entry_id="246" table_id="189">{09}</string>
	<string block_id="0" entry_id="247" table_id="189">{09}</string>
	<string block_id="0" entry_id="248" table_id="189">{09}</string>
	<string block_id="0" entry_id="208" table_id="189">{09}</string>
	<string block_id="0" entry_id="811" table_id="189">{09}</string>
	<string block_id="0" entry_id="581" table_id="189">{09}</string>
	<string block_id="0" entry_id="582" table_id="189">{09}</string>
	<string block_id="0" entry_id="583" table_id="189">{09}</string>
	<string block_id="0" entry_id="584" table_id="189">{09}</string>
	<string block_id="0" entry_id="585" table_id="189">{09}</string>
	<string block_id="0" entry_id="586" table_id="189">{09}</string>
	<string block_id="0" entry_id="587" table_id="189">{09}</string>
	<string block_id="0" entry_id="588" table_id="189">{09}</string>
	<string block_id="0" entry_id="589" table_id="189">{09}</string>
	<string block_id="0" entry_id="299" table_id="189">{09}</string>
	<string block_id="0" entry_id="300" table_id="189">{09}</string>
	<string block_id="0" entry_id="301" table_id="189">{09}</string>
	<string block_id="0" entry_id="449" table_id="189">{09}</string>
	<string block_id="0" entry_id="450" table_id="189">{09}</string>
	<string block_id="0" entry_id="451" table_id="189">{09}</string>
	<string block_id="0" entry_id="494" table_id="189">{09}</string>
	<string block_id="0" entry_id="495" table_id="189">{09}</string>
	<string block_id="0" entry_id="496" table_id="189">{09}</string>
	<string block_id="0" entry_id="474" table_id="189">{09}</string>
	<string block_id="0" entry_id="475" table_id="189">{09}</string>
	<string block_id="0" entry_id="476" table_id="189">{09}</string>
	<string block_id="0" entry_id="477" table_id="189">{09}</string>
	<string block_id="0" entry_id="793" table_id="189">{09}</string>
	<string block_id="0" entry_id="794" table_id="189">{09}</string>
	<string block_id="0" entry_id="795" table_id="189">{09}</string>
	<string block_id="0" entry_id="796" table_id="189">{09}</string>
	<string block_id="0" entry_id="797" table_id="189">{09}</string>
	<string block_id="0" entry_id="798" table_id="189">{09}</string>
	<string block_id="0" entry_id="455" table_id="189">{09}</string>
	<string block_id="0" entry_id="456" table_id="189">{09}</string>
	<string block_id="0" entry_id="457" table_id="189">{09}</string>
	<string block_id="0" entry_id="470" table_id="189">{09}</string>
	<string block_id="0" entry_id="471" table_id="189">{09}</string>
	<string block_id="0" entry_id="472" table_id="189">{09}</string>
	<string block_id="0" entry_id="473" table_id="189">{09}</string>
	<string block_id="0" entry_id="790" table_id="189">{09}</string>
	<string block_id="0" entry_id="791" table_id="189">{09}</string>
	<string block_id="0" entry_id="792" table_id="189">{09}</string>
	<string block_id="0" entry_id="327" table_id="189">{09}</string>
	<string block_id="0" entry_id="328" table_id="189">{09}</string>
	<string block_id="0" entry_id="329" table_id="189">{09}</string>
	<string block_id="0" entry_id="509" table_id="189">{09}</string>
	<string block_id="0" entry_id="510" table_id="189">{09}</string>
	<string block_id="0" entry_id="511" table_id="189">{09}</string>
	<string block_id="0" entry_id="313" table_id="189">{09}</string>
	<string block_id="0" entry_id="314" table_id="189">{09}</string>
	<string block_id="0" entry_id="315" table_id="189">{09}</string>
	<string block_id="0" entry_id="316" table_id="189">{09}</string>
	<string block_id="0" entry_id="1216" table_id="189">{09}</string>
	<string block_id="0" entry_id="1217" table_id="189">{09}</string>
	<string block_id="0" entry_id="1218" table_id="189">{09}</string>
	<string block_id="0" entry_id="1219" table_id="189">{09}</string>
	<string block_id="0" entry_id="1220" table_id="189">{09}</string>
	<string block_id="0" entry_id="1221" table_id="189">{09}</string>
	<string block_id="0" entry_id="1222" table_id="189">{09}</string>
	<string block_id="0" entry_id="1223" table_id="189">{09}</string>
	<string block_id="0" entry_id="1224" table_id="189">{09}</string>
	<string block_id="0" entry_id="1225" table_id="189">{09}</string>
	<string block_id="0" entry_id="1226" table_id="189">{09}</string>
	<string block_id="0" entry_id="1227" table_id="189">{09}</string>
	<string block_id="0" entry_id="1228" table_id="189">{09}</string>
	<string block_id="0" entry_id="1229" table_id="189">{09}</string>
	<string block_id="0" entry_id="1230" table_id="189">{09}</string>
	<string block_id="0" entry_id="1231" table_id="189">{09}</string>
	<string block_id="0" entry_id="1232" table_id="189">{09}</string>
	<string block_id="0" entry_id="1233" table_id="189">{09}</string>
	<string block_id="0" entry_id="1725" table_id="189">{09}</string>
	<string block_id="0" entry_id="1726" table_id="189">{09}</string>
	<string block_id="0" entry_id="1727" table_id="189">{09}</string>
	<string block_id="0" entry_id="339" table_id="189">{09}</string>
	<string block_id="0" entry_id="340" table_id="189">{09}</string>
	<string block_id="0" entry_id="341" table_id="189">{09}</string>
	<string block_id="0" entry_id="336" table_id="189">{09}</string>
	<string block_id="0" entry_id="337" table_id="189">{09}</string>
	<string block_id="0" entry_id="338" table_id="189">{09}</string>
	<string block_id="0" entry_id="503" table_id="189">{09}</string>
	<string block_id="0" entry_id="504" table_id="189">{09}</string>
	<string block_id="0" entry_id="505" table_id="189">{09}</string>
	<string block_id="0" entry_id="324" table_id="189">{09}</string>
	<string block_id="0" entry_id="325" table_id="189">{09}</string>
	<string block_id="0" entry_id="326" table_id="189">{09}</string>
	<string block_id="0" entry_id="252" table_id="189">{09}</string>
	<string block_id="0" entry_id="253" table_id="189">{09}</string>
	<string block_id="0" entry_id="254" table_id="189">{09}</string>
	<string block_id="0" entry_id="1709" table_id="189">{09}</string>
	<string block_id="0" entry_id="1710" table_id="189">{09}</string>
	<string block_id="0" entry_id="1711" table_id="189">{09}</string>
	<string block_id="0" entry_id="255" table_id="189">{09}</string>
	<string block_id="0" entry_id="256" table_id="189">{09}</string>
	<string block_id="0" entry_id="257" table_id="189">{09}</string>
	<string block_id="0" entry_id="486" table_id="189">{09}</string>
	<string block_id="0" entry_id="487" table_id="189">{09}</string>
	<string block_id="0" entry_id="488" table_id="189">{09}</string>
	<string block_id="0" entry_id="489" table_id="189">{09}</string>
	<string block_id="0" entry_id="490" table_id="189">{09}</string>
	<string block_id="0" entry_id="491" table_id="189">{09}</string>
	<string block_id="0" entry_id="482" table_id="189">{09}</string>
	<string block_id="0" entry_id="483" table_id="189">{09}</string>
	<string block_id="0" entry_id="484" table_id="189">{09}</string>
	<string block_id="0" entry_id="485" table_id="189">{09}</string>
	<string block_id="0" entry_id="524" table_id="189">{09}</string>
	<string block_id="0" entry_id="525" table_id="189">{09}</string>
	<string block_id="0" entry_id="526" table_id="189">{09}</string>
	<string block_id="0" entry_id="527" table_id="189">{09}</string>
	<string block_id="0" entry_id="528" table_id="189">{09}</string>
	<string block_id="0" entry_id="529" table_id="189">{09}</string>
	<string block_id="0" entry_id="351" table_id="189">{09}</string>
	<string block_id="0" entry_id="352" table_id="189">{09}</string>
	<string block_id="0" entry_id="353" table_id="189">{09}</string>
	<string block_id="0" entry_id="427" table_id="189">{09}</string>
	<string block_id="0" entry_id="428" table_id="189">{09}</string>
	<string block_id="0" entry_id="429" table_id="189">{09}</string>
	<string block_id="0" entry_id="307" table_id="189">{09}</string>
	<string block_id="0" entry_id="308" table_id="189">{09}</string>
	<string block_id="0" entry_id="309" table_id="189">{09}</string>
	<string block_id="0" entry_id="310" table_id="189">{09}</string>
	<string block_id="0" entry_id="311" table_id="189">{09}</string>
	<string block_id="0" entry_id="312" table_id="189">{09}</string>
	<string block_id="0" entry_id="723" table_id="189">{09}</string>
	<string block_id="0" entry_id="724" table_id="189">{09}</string>
	<string block_id="0" entry_id="725" table_id="189">{09}</string>
	<string block_id="0" entry_id="345" table_id="189">{09}</string>
	<string block_id="0" entry_id="346" table_id="189">{09}</string>
	<string block_id="0" entry_id="347" table_id="189">{09}</string>
	<string block_id="0" entry_id="354" table_id="189">{09}</string>
	<string block_id="0" entry_id="355" table_id="189">{09}</string>
	<string block_id="0" entry_id="356" table_id="189">{09}</string>
	<string block_id="0" entry_id="348" table_id="189">{09}</string>
	<string block_id="0" entry_id="349" table_id="189">{09}</string>
	<string block_id="0" entry_id="350" table_id="189">{09}</string>
	<string block_id="0" entry_id="439" table_id="189">{09}</string>
	<string block_id="0" entry_id="440" table_id="189">{09}</string>
	<string block_id="0" entry_id="441" table_id="189">{09}</string>
	<string block_id="0" entry_id="442" table_id="189">{09}</string>
	<string block_id="0" entry_id="717" table_id="189">{09}</string>
	<string block_id="0" entry_id="718" table_id="189">{09}</string>
	<string block_id="0" entry_id="719" table_id="189">{09}</string>
	<string block_id="0" entry_id="720" table_id="189">{09}</string>
	<string block_id="0" entry_id="721" table_id="189">{09}</string>
	<string block_id="0" entry_id="722" table_id="189">{09}</string>
	<string block_id="0" entry_id="558" table_id="189">{09}</string>
	<string block_id="0" entry_id="559" table_id="189">{09}</string>
	<string block_id="0" entry_id="560" table_id="189">{09}</string>
	<string block_id="0" entry_id="564" table_id="189">{09}</string>
	<string block_id="0" entry_id="565" table_id="189">{09}</string>
	<string block_id="0" entry_id="566" table_id="189">{09}</string>
	<string block_id="0" entry_id="169" table_id="189">{09}</string>
	<string block_id="0" entry_id="170" table_id="189">{09}</string>
	<string block_id="0" entry_id="171" table_id="189">{09}</string>
	<string block_id="0" entry_id="172" table_id="189">{09}</string>
	<string block_id="0" entry_id="173" table_id="189">{09}</string>
	<string block_id="0" entry_id="174" table_id="189">{09}</string>
	<string block_id="0" entry_id="567" table_id="189">{09}</string>
	<string block_id="0" entry_id="568" table_id="189">{09}</string>
	<string block_id="0" entry_id="569" table_id="189">{09}</string>
	<string block_id="0" entry_id="1298" table_id="189">{09}</string>
	<string block_id="0" entry_id="1299" table_id="189">{09}</string>
	<string block_id="0" entry_id="1300" table_id="189">{09}</string>
	<string block_id="0" entry_id="1301" table_id="189">{09}</string>
	<string block_id="0" entry_id="1302" table_id="189">{09}</string>
	<string block_id="0" entry_id="1303" table_id="189">{09}</string>
	<string block_id="0" entry_id="436" table_id="189">{09}</string>
	<string block_id="0" entry_id="437" table_id="189">{09}</string>
	<string block_id="0" entry_id="438" table_id="189">{09}</string>
	<string block_id="0" entry_id="775" table_id="189">{09}</string>
	<string block_id="0" entry_id="776" table_id="189">{09}</string>
	<string block_id="0" entry_id="777" table_id="189">{09}</string>
	<string block_id="0" entry_id="284" table_id="189">{09}</string>
	<string block_id="0" entry_id="285" table_id="189">{09}</string>
	<string block_id="0" entry_id="286" table_id="189">{09}</string>
	<string block_id="0" entry_id="781" table_id="189">{09}</string>
	<string block_id="0" entry_id="782" table_id="189">{09}</string>
	<string block_id="0" entry_id="783" table_id="189">{09}</string>
	<string block_id="0" entry_id="555" table_id="189">{09}</string>
	<string block_id="0" entry_id="556" table_id="189">{09}</string>
	<string block_id="0" entry_id="557" table_id="189">{09}</string>
	<string block_id="0" entry_id="73" table_id="189">{09}</string>
	<string block_id="0" entry_id="74" table_id="189">{09}</string>
	<string block_id="0" entry_id="75" table_id="189">{09}</string>
	<string block_id="0" entry_id="317" table_id="189">{09}</string>
	<string block_id="0" entry_id="318" table_id="189">{09}</string>
	<string block_id="0" entry_id="319" table_id="189">{09}</string>
	<string block_id="0" entry_id="320" table_id="189">{09}</string>
	<string block_id="0" entry_id="778" table_id="189">{09}</string>
	<string block_id="0" entry_id="779" table_id="189">{09}</string>
	<string block_id="0" entry_id="780" table_id="189">{09}</string>
	<string block_id="0" entry_id="412" table_id="189">{09}</string>
	<string block_id="0" entry_id="413" table_id="189">{09}</string>
	<string block_id="0" entry_id="414" table_id="189">{09}</string>
	<string block_id="0" entry_id="552" table_id="189">{09}</string>
	<string block_id="0" entry_id="553" table_id="189">{09}</string>
	<string block_id="0" entry_id="554" table_id="189">{09}</string>
	<string block_id="0" entry_id="633" table_id="189">{09}</string>
	<string block_id="0" entry_id="634" table_id="189">{09}</string>
	<string block_id="0" entry_id="635" table_id="189">{09}</string>
	<string block_id="0" entry_id="624" table_id="189">{09}</string>
	<string block_id="0" entry_id="625" table_id="189">{09}</string>
	<string block_id="0" entry_id="626" table_id="189">{09}</string>
	<string block_id="0" entry_id="636" table_id="189">{09}</string>
	<string block_id="0" entry_id="637" table_id="189">{09}</string>
	<string block_id="0" entry_id="638" table_id="189">{09}</string>
	<string block_id="0" entry_id="627" table_id="189">{09}</string>
	<string block_id="0" entry_id="628" table_id="189">{09}</string>
	<string block_id="0" entry_id="629" table_id="189">{09}</string>
	<string block_id="0" entry_id="630" table_id="189">{09}</string>
	<string block_id="0" entry_id="631" table_id="189">{09}</string>
	<string block_id="0" entry_id="632" table_id="189">{09}</string>
	<string block_id="0" entry_id="639" table_id="189">{09}</string>
	<string block_id="0" entry_id="640" table_id="189">{09}</string>
	<string block_id="0" entry_id="641" table_id="189">{09}</string>
	<string block_id="0" entry_id="330" table_id="189">{09}</string>
	<string block_id="0" entry_id="331" table_id="189">{09}</string>
	<string block_id="0" entry_id="332" table_id="189">{09}</string>
	<string block_id="0" entry_id="342" table_id="189">{09}</string>
	<string block_id="0" entry_id="343" table_id="189">{09}</string>
	<string block_id="0" entry_id="344" table_id="189">{09}</string>
	<string block_id="0" entry_id="1237" table_id="189">{09}</string>
	<string block_id="0" entry_id="1238" table_id="189">{09}</string>
	<string block_id="0" entry_id="1239" table_id="189">{09}</string>
	<string block_id="0" entry_id="1728" table_id="189">{09}</string>
	<string block_id="0" entry_id="1729" table_id="189">{09}</string>
	<string block_id="0" entry_id="1730" table_id="189">{09}</string>
	<string block_id="0" entry_id="1240" table_id="189">{09}</string>
	<string block_id="0" entry_id="1241" table_id="189">{09}</string>
	<string block_id="0" entry_id="1242" table_id="189">{09}</string>
	<string block_id="0" entry_id="1243" table_id="189">{09}</string>
	<string block_id="0" entry_id="1244" table_id="189">{09}</string>
	<string block_id="0" entry_id="1245" table_id="189">{09}</string>
	<string block_id="0" entry_id="1234" table_id="189">{09}</string>
	<string block_id="0" entry_id="1235" table_id="189">{09}</string>
	<string block_id="0" entry_id="1236" table_id="189">{09}</string>
	<string block_id="0" entry_id="64" table_id="189">{09}</string>
	<string block_id="0" entry_id="65" table_id="189">{09}</string>
	<string block_id="0" entry_id="66" table_id="189">{09}</string>
	<string block_id="0" entry_id="70" table_id="189">{09}</string>
	<string block_id="0" entry_id="71" table_id="189">{09}</string>
	<string block_id="0" entry_id="72" table_id="189">{09}</string>
	<string block_id="0" entry_id="1731" table_id="189">{09}</string>
	<string block_id="0" entry_id="1732" table_id="189">{09}</string>
	<string block_id="0" entry_id="1733" table_id="189">{09}</string>
	<string block_id="0" entry_id="1734" table_id="189">{09}</string>
	<string block_id="0" entry_id="603" table_id="189">{09}</string>
	<string block_id="0" entry_id="604" table_id="189">{09}</string>
	<string block_id="0" entry_id="605" table_id="189">{09}</string>
	<string block_id="0" entry_id="609" table_id="189">{09}</string>
	<string block_id="0" entry_id="610" table_id="189">{09}</string>
	<string block_id="0" entry_id="611" table_id="189">{09}</string>
	<string block_id="0" entry_id="618" table_id="189">{09}</string>
	<string block_id="0" entry_id="619" table_id="189">{09}</string>
	<string block_id="0" entry_id="620" table_id="189">{09}</string>
	<string block_id="0" entry_id="606" table_id="189">{09}</string>
	<string block_id="0" entry_id="607" table_id="189">{09}</string>
	<string block_id="0" entry_id="608" table_id="189">{09}</string>
	<string block_id="0" entry_id="1549" table_id="189">{09}</string>
	<string block_id="0" entry_id="1550" table_id="189">{09}</string>
	<string block_id="0" entry_id="1551" table_id="189">{09}</string>
	<string block_id="0" entry_id="1552" table_id="189">{09}</string>
	<string block_id="0" entry_id="1545" table_id="189">{09}</string>
	<string block_id="0" entry_id="1546" table_id="189">{09}</string>
	<string block_id="0" entry_id="1547" table_id="189">{09}</string>
	<string block_id="0" entry_id="1548" table_id="189">{09}</string>
	<string block_id="0" entry_id="612" table_id="189">{09}</string>
	<string block_id="0" entry_id="613" table_id="189">{09}</string>
	<string block_id="0" entry_id="614" table_id="189">{09}</string>
	<string block_id="0" entry_id="621" table_id="189">{09}</string>
	<string block_id="0" entry_id="622" table_id="189">{09}</string>
	<string block_id="0" entry_id="623" table_id="189">{09}</string>
	<string block_id="0" entry_id="120" table_id="189">{09}</string>
	<string block_id="0" entry_id="121" table_id="189">{09}</string>
	<string block_id="0" entry_id="122" table_id="189">{09}</string>
	<string block_id="0" entry_id="123" table_id="189">{09}</string>
	<string block_id="0" entry_id="124" table_id="189">{09}</string>
	<string block_id="0" entry_id="125" table_id="189">{09}</string>
	<string block_id="0" entry_id="754" table_id="189">{09}</string>
	<string block_id="0" entry_id="755" table_id="189">{09}</string>
	<string block_id="0" entry_id="756" table_id="189">{09}</string>
	<string block_id="0" entry_id="757" table_id="189">{09}</string>
	<string block_id="0" entry_id="758" table_id="189">{09}</string>
	<string block_id="0" entry_id="759" table_id="189">{09}</string>
	<string block_id="0" entry_id="766" table_id="189">{09}</string>
	<string block_id="0" entry_id="767" table_id="189">{09}</string>
	<string block_id="0" entry_id="768" table_id="189">{09}</string>
	<string block_id="0" entry_id="760" table_id="189">{09}</string>
	<string block_id="0" entry_id="761" table_id="189">{09}</string>
	<string block_id="0" entry_id="762" table_id="189">{09}</string>
	<string block_id="0" entry_id="769" table_id="189">{09}</string>
	<string block_id="0" entry_id="770" table_id="189">{09}</string>
	<string block_id="0" entry_id="771" table_id="189">{09}</string>
	<string block_id="0" entry_id="763" table_id="189">{09}</string>
	<string block_id="0" entry_id="764" table_id="189">{09}</string>
	<string block_id="0" entry_id="765" table_id="189">{09}</string>
	<string block_id="0" entry_id="772" table_id="189">{09}</string>
	<string block_id="0" entry_id="773" table_id="189">{09}</string>
	<string block_id="0" entry_id="774" table_id="189">{09}</string>
	<string block_id="0" entry_id="478" table_id="189">{09}</string>
	<string block_id="0" entry_id="479" table_id="189">{09}</string>
	<string block_id="0" entry_id="480" table_id="189">{09}</string>
	<string block_id="0" entry_id="481" table_id="189">{09}</string>
	<string block_id="0" entry_id="458" table_id="189">{09}</string>
	<string block_id="0" entry_id="459" table_id="189">{09}</string>
	<string block_id="0" entry_id="460" table_id="189">{09}</string>
	<string block_id="0" entry_id="493" table_id="189">{09}</string>
	<string block_id="0" entry_id="1600" table_id="189">{09}</string>
	<string block_id="0" entry_id="1601" table_id="189">{09}</string>
	<string block_id="0" entry_id="1602" table_id="189">{09}</string>
	<string block_id="0" entry_id="1606" table_id="189">{09}</string>
	<string block_id="0" entry_id="1607" table_id="189">{09}</string>
	<string block_id="0" entry_id="1608" table_id="189">{09}</string>
	<string block_id="0" entry_id="1609" table_id="189">{09}</string>
	<string block_id="0" entry_id="1610" table_id="189">{09}</string>
	<string block_id="0" entry_id="1611" table_id="189">{09}</string>
	<string block_id="0" entry_id="1612" table_id="189">{09}</string>
	<string block_id="0" entry_id="1613" table_id="189">{09}</string>
	<string block_id="0" entry_id="397" table_id="189">{09}</string>
	<string block_id="0" entry_id="398" table_id="189">{09}</string>
	<string block_id="0" entry_id="399" table_id="189">{09}</string>
	<string block_id="0" entry_id="461" table_id="189">{09}</string>
	<string block_id="0" entry_id="462" table_id="189">{09}</string>
	<string block_id="0" entry_id="463" table_id="189">{09}</string>
	<string block_id="0" entry_id="406" table_id="189">{09}</string>
	<string block_id="0" entry_id="407" table_id="189">{09}</string>
	<string block_id="0" entry_id="408" table_id="189">{09}</string>
	<string block_id="0" entry_id="261" table_id="189">{09}</string>
	<string block_id="0" entry_id="262" table_id="189">{09}</string>
	<string block_id="0" entry_id="263" table_id="189">{09}</string>
	<string block_id="0" entry_id="267" table_id="189">{09}</string>
	<string block_id="0" entry_id="268" table_id="189">{09}</string>
	<string block_id="0" entry_id="269" table_id="189">{09}</string>
	<string block_id="0" entry_id="270" table_id="189">{09}</string>
	<string block_id="0" entry_id="271" table_id="189">{09}</string>
	<string block_id="0" entry_id="264" table_id="189">{09}</string>
	<string block_id="0" entry_id="265" table_id="189">{09}</string>
	<string block_id="0" entry_id="266" table_id="189">{09}</string>
	<string block_id="0" entry_id="403" table_id="189">{09}</string>
	<string block_id="0" entry_id="404" table_id="189">{09}</string>
	<string block_id="0" entry_id="405" table_id="189">{09}</string>
	<string block_id="0" entry_id="546" table_id="189">{09}</string>
	<string block_id="0" entry_id="547" table_id="189">{09}</string>
	<string block_id="0" entry_id="548" table_id="189">{09}</string>
	<string block_id="0" entry_id="464" table_id="189">{09}</string>
	<string block_id="0" entry_id="465" table_id="189">{09}</string>
	<string block_id="0" entry_id="466" table_id="189">{09}</string>
	<string block_id="0" entry_id="467" table_id="189">{09}</string>
	<string block_id="0" entry_id="468" table_id="189">{09}</string>
	<string block_id="0" entry_id="469" table_id="189">{09}</string>
	<string block_id="0" entry_id="543" table_id="189">{09}</string>
	<string block_id="0" entry_id="544" table_id="189">{09}</string>
	<string block_id="0" entry_id="545" table_id="189">{09}</string>
	<string block_id="0" entry_id="726" table_id="189">{09}</string>
	<string block_id="0" entry_id="727" table_id="189">{09}</string>
	<string block_id="0" entry_id="728" table_id="189">{09}</string>
	<string block_id="0" entry_id="738" table_id="189">{09}</string>
	<string block_id="0" entry_id="739" table_id="189">{09}</string>
	<string block_id="0" entry_id="740" table_id="189">{09}</string>
	<string block_id="0" entry_id="729" table_id="189">{09}</string>
	<string block_id="0" entry_id="730" table_id="189">{09}</string>
	<string block_id="0" entry_id="731" table_id="189">{09}</string>
	<string block_id="0" entry_id="741" table_id="189">{09}</string>
	<string block_id="0" entry_id="742" table_id="189">{09}</string>
	<string block_id="0" entry_id="743" table_id="189">{09}</string>
	<string block_id="0" entry_id="750" table_id="189">{09}</string>
	<string block_id="0" entry_id="751" table_id="189">{09}</string>
	<string block_id="0" entry_id="732" table_id="189">{09}</string>
	<string block_id="0" entry_id="733" table_id="189">{09}</string>
	<string block_id="0" entry_id="734" table_id="189">{09}</string>
	<string block_id="0" entry_id="744" table_id="189">{09}</string>
	<string block_id="0" entry_id="745" table_id="189">{09}</string>
	<string block_id="0" entry_id="746" table_id="189">{09}</string>
	<string block_id="0" entry_id="752" table_id="189">{09}</string>
	<string block_id="0" entry_id="753" table_id="189">{09}</string>
	<string block_id="0" entry_id="281" table_id="189">{09}</string>
	<string block_id="0" entry_id="282" table_id="189">{09}</string>
	<string block_id="0" entry_id="283" table_id="189">{09}</string>
	<string block_id="0" entry_id="321" table_id="189">{09}</string>
	<string block_id="0" entry_id="322" table_id="189">{09}</string>
	<string block_id="0" entry_id="323" table_id="189">{09}</string>
	<string block_id="0" entry_id="540" table_id="189">{09}</string>
	<string block_id="0" entry_id="541" table_id="189">{09}</string>
	<string block_id="0" entry_id="542" table_id="189">{09}</string>
	<string block_id="0" entry_id="409" table_id="189">{09}</string>
	<string block_id="0" entry_id="410" table_id="189">{09}</string>
	<string block_id="0" entry_id="411" table_id="189">{09}</string>
	<string block_id="0" entry_id="430" table_id="189">{09}</string>
	<string block_id="0" entry_id="431" table_id="189">{09}</string>
	<string block_id="0" entry_id="432" table_id="189">{09}</string>
	<string block_id="0" entry_id="333" table_id="189">{09}</string>
	<string block_id="0" entry_id="334" table_id="189">{09}</string>
	<string block_id="0" entry_id="335" table_id="189">{09}</string>
	<string block_id="0" entry_id="537" table_id="189">{09}</string>
	<string block_id="0" entry_id="538" table_id="189">{09}</string>
	<string block_id="0" entry_id="539" table_id="189">{09}</string>
	<string block_id="0" entry_id="690" table_id="189">{09}</string>
	<string block_id="0" entry_id="691" table_id="189">{09}</string>
	<string block_id="0" entry_id="692" table_id="189">{09}</string>
	<string block_id="0" entry_id="684" table_id="189">{09}</string>
	<string block_id="0" entry_id="685" table_id="189">{09}</string>
	<string block_id="0" entry_id="686" table_id="189">{09}</string>
	<string block_id="0" entry_id="702" table_id="189">{09}</string>
	<string block_id="0" entry_id="703" table_id="189">{09}</string>
	<string block_id="0" entry_id="704" table_id="189">{09}</string>
	<string block_id="0" entry_id="693" table_id="189">{09}</string>
	<string block_id="0" entry_id="694" table_id="189">{09}</string>
	<string block_id="0" entry_id="695" table_id="189">{09}</string>
	<string block_id="0" entry_id="696" table_id="189">{09}</string>
	<string block_id="0" entry_id="697" table_id="189">{09}</string>
	<string block_id="0" entry_id="698" table_id="189">{09}</string>
	<string block_id="0" entry_id="680" table_id="189">{09}</string>
	<string block_id="0" entry_id="681" table_id="189">{09}</string>
	<string block_id="0" entry_id="682" table_id="189">{09}</string>
	<string block_id="0" entry_id="683" table_id="189">{09}</string>
	<string block_id="0" entry_id="687" table_id="189">{09}</string>
	<string block_id="0" entry_id="688" table_id="189">{09}</string>
	<string block_id="0" entry_id="689" table_id="189">{09}</string>
	<string block_id="0" entry_id="699" table_id="189">{09}</string>
	<string block_id="0" entry_id="700" table_id="189">{09}</string>
	<string block_id="0" entry_id="701" table_id="189">{09}</string>
	<string block_id="0" entry_id="654" table_id="189">{09}</string>
	<string block_id="0" entry_id="658" table_id="189">{09}</string>
	<string block_id="0" entry_id="662" table_id="189">{09}</string>
	<string block_id="0" entry_id="1589" table_id="189">{09}</string>
	<string block_id="0" entry_id="1590" table_id="189">{09}</string>
	<string block_id="0" entry_id="666" table_id="189">{09}</string>
	<string block_id="0" entry_id="667" table_id="189">{09}</string>
	<string block_id="0" entry_id="679" table_id="189">{09}</string>
	<string block_id="0" entry_id="1327" table_id="189">{09}</string>
	<string block_id="0" entry_id="1328" table_id="189">{09}</string>
	<string block_id="0" entry_id="1329" table_id="189">{09}</string>
	<string block_id="0" entry_id="1330" table_id="189">{09}</string>
	<string block_id="0" entry_id="1335" table_id="189">{09}</string>
	<string block_id="0" entry_id="1336" table_id="189">{09}</string>
	<string block_id="0" entry_id="1337" table_id="189">{09}</string>
	<string block_id="0" entry_id="1331" table_id="189">{09}</string>
	<string block_id="0" entry_id="1332" table_id="189">{09}</string>
	<string block_id="0" entry_id="1333" table_id="189">{09}</string>
	<string block_id="0" entry_id="1334" table_id="189">{09}</string>
	<string block_id="0" entry_id="1361" table_id="189">{09}</string>
	<string block_id="0" entry_id="1362" table_id="189">{09}</string>
	<string block_id="0" entry_id="1363" table_id="189">{09}</string>
	<string block_id="0" entry_id="1370" table_id="189">{09}</string>
	<string block_id="0" entry_id="1371" table_id="189">{09}</string>
	<string block_id="0" entry_id="1372" table_id="189">{09}</string>
	<string block_id="0" entry_id="1364" table_id="189">{09}</string>
	<string block_id="0" entry_id="1365" table_id="189">{09}</string>
	<string block_id="0" entry_id="1366" table_id="189">{09}</string>
	<string block_id="0" entry_id="1385" table_id="189">{09}</string>
	<string block_id="0" entry_id="1386" table_id="189">{09}</string>
	<string block_id="0" entry_id="1387" table_id="189">{09}</string>
	<string block_id="0" entry_id="1379" table_id="189">{09}</string>
	<string block_id="0" entry_id="1380" table_id="189">{09}</string>
	<string block_id="0" entry_id="1381" table_id="189">{09}</string>
	<string block_id="0" entry_id="1376" table_id="189">{09}</string>
	<string block_id="0" entry_id="1377" table_id="189">{09}</string>
	<string block_id="0" entry_id="1378" table_id="189">{09}</string>
	<string block_id="0" entry_id="1388" table_id="189">{09}</string>
	<string block_id="0" entry_id="1389" table_id="189">{09}</string>
	<string block_id="0" entry_id="1390" table_id="189">{09}</string>
	<string block_id="0" entry_id="1735" table_id="189">{09}</string>
	<string block_id="0" entry_id="1736" table_id="189">{09}</string>
	<string block_id="0" entry_id="1737" table_id="189">{09}</string>
	<string block_id="0" entry_id="1373" table_id="189">{09}</string>
	<string block_id="0" entry_id="1374" table_id="189">{09}</string>
	<string block_id="0" entry_id="1375" table_id="189">{09}</string>
	<string block_id="0" entry_id="1367" table_id="189">{09}</string>
	<string block_id="0" entry_id="1368" table_id="189">{09}</string>
	<string block_id="0" entry_id="1369" table_id="189">{09}</string>
	<string block_id="0" entry_id="1382" table_id="189">{09}</string>
	<string block_id="0" entry_id="1383" table_id="189">{09}</string>
	<string block_id="0" entry_id="1384" table_id="189">{09}</string>
	<string block_id="0" entry_id="1406" table_id="189">{09}</string>
	<string block_id="0" entry_id="1407" table_id="189">{09}</string>
	<string block_id="0" entry_id="1408" table_id="189">{09}</string>
	<string block_id="0" entry_id="1415" table_id="189">{09}</string>
	<string block_id="0" entry_id="1416" table_id="189">{09}</string>
	<string block_id="0" entry_id="1417" table_id="189">{09}</string>
	<string block_id="0" entry_id="1400" table_id="189">{09}</string>
	<string block_id="0" entry_id="1401" table_id="189">{09}</string>
	<string block_id="0" entry_id="1402" table_id="189">{09}</string>
	<string block_id="0" entry_id="1412" table_id="189">{09}</string>
	<string block_id="0" entry_id="1413" table_id="189">{09}</string>
	<string block_id="0" entry_id="1414" table_id="189">{09}</string>
	<string block_id="0" entry_id="1397" table_id="189">{09}</string>
	<string block_id="0" entry_id="1398" table_id="189">{09}</string>
	<string block_id="0" entry_id="1399" table_id="189">{09}</string>
	<string block_id="0" entry_id="1409" table_id="189">{09}</string>
	<string block_id="0" entry_id="1410" table_id="189">{09}</string>
	<string block_id="0" entry_id="1411" table_id="189">{09}</string>
	<string block_id="0" entry_id="1403" table_id="189">{09}</string>
	<string block_id="0" entry_id="1404" table_id="189">{09}</string>
	<string block_id="0" entry_id="1405" table_id="189">{09}</string>
	<string block_id="0" entry_id="645" table_id="189">{09}</string>
	<string block_id="0" entry_id="646" table_id="189">{09}</string>
	<string block_id="0" entry_id="647" table_id="189">{09}</string>
	<string block_id="0" entry_id="642" table_id="189">{09}</string>
	<string block_id="0" entry_id="643" table_id="189">{09}</string>
	<string block_id="0" entry_id="644" table_id="189">{09}</string>
	<string block_id="0" entry_id="648" table_id="189">{09}</string>
	<string block_id="0" entry_id="649" table_id="189">{09}</string>
	<string block_id="0" entry_id="650" table_id="189">{09}</string>
	<string block_id="0" entry_id="9" table_id="189">{09}</string>
	<string block_id="0" entry_id="10" table_id="189">{09}</string>
	<string block_id="0" entry_id="11" table_id="189">{09}</string>
	<string block_id="0" entry_id="12" table_id="189">{09}</string>
	<string block_id="0" entry_id="228" table_id="189">{09}</string>
	<string block_id="0" entry_id="229" table_id="189">{09}</string>
	<string block_id="0" entry_id="230" table_id="189">{09}</string>
	<string block_id="0" entry_id="784" table_id="189">{09}</string>
	<string block_id="0" entry_id="785" table_id="189">{09}</string>
	<string block_id="0" entry_id="786" table_id="189">{09}</string>
	<string block_id="0" entry_id="787" table_id="189">{09}</string>
	<string block_id="0" entry_id="788" table_id="189">{09}</string>
	<string block_id="0" entry_id="789" table_id="189">{09}</string>
	<string block_id="0" entry_id="1650" table_id="189">{09}</string>
	<string block_id="0" entry_id="1651" table_id="189">{09}</string>
	<string block_id="0" entry_id="1652" table_id="189">{09}</string>
	<string block_id="0" entry_id="705" table_id="189">{09}</string>
	<string block_id="0" entry_id="706" table_id="189">{09}</string>
	<string block_id="0" entry_id="707" table_id="189">{09}</string>
	<string block_id="0" entry_id="708" table_id="189">{09}</string>
	<string block_id="0" entry_id="709" table_id="189">{09}</string>
	<string block_id="0" entry_id="710" table_id="189">{09}</string>
	<string block_id="0" entry_id="711" table_id="189">{09}</string>
	<string block_id="0" entry_id="712" table_id="189">{09}</string>
	<string block_id="0" entry_id="713" table_id="189">{09}</string>
	<string block_id="0" entry_id="714" table_id="189">{09}</string>
	<string block_id="0" entry_id="715" table_id="189">{09}</string>
	<string block_id="0" entry_id="716" table_id="189">{09}</string>
	<string block_id="0" entry_id="1418" table_id="189">{09}</string>
	<string block_id="0" entry_id="1419" table_id="189">{09}</string>
	<string block_id="0" entry_id="1420" table_id="189">{09}</string>
	<string block_id="0" entry_id="1428" table_id="189">{09}</string>
	<string block_id="0" entry_id="1429" table_id="189">{09}</string>
	<string block_id="0" entry_id="1430" table_id="189">{09}</string>
	<string block_id="0" entry_id="1431" table_id="189">{09}</string>
	<string block_id="0" entry_id="1424" table_id="189">{09}</string>
	<string block_id="0" entry_id="1425" table_id="189">{09}</string>
	<string block_id="0" entry_id="1426" table_id="189">{09}</string>
	<string block_id="0" entry_id="1427" table_id="189">{09}</string>
	<string block_id="0" entry_id="1421" table_id="189">{09}</string>
	<string block_id="0" entry_id="1422" table_id="189">{09}</string>
	<string block_id="0" entry_id="1423" table_id="189">{09}</string>
	<string block_id="0" entry_id="1644" table_id="189">{09}</string>
	<string block_id="0" entry_id="1645" table_id="189">{09}</string>
	<string block_id="0" entry_id="1646" table_id="189">{09}</string>
	<string block_id="0" entry_id="1436" table_id="189">{09}</string>
	<string block_id="0" entry_id="1437" table_id="189">{09}</string>
	<string block_id="0" entry_id="1438" table_id="189">{09}</string>
	<string block_id="0" entry_id="1439" table_id="189">{09}</string>
	<string block_id="0" entry_id="1444" table_id="189">{09}</string>
	<string block_id="0" entry_id="1441" table_id="189">{09}</string>
	<string block_id="0" entry_id="1446" table_id="189">{09}</string>
	<string block_id="0" entry_id="1442" table_id="189">{09}</string>
	<string block_id="0" entry_id="1448" table_id="189">{09}</string>
	<string block_id="0" entry_id="1449" table_id="189">{09}</string>
	<string block_id="0" entry_id="1450" table_id="189">{09}</string>
	<string block_id="0" entry_id="1451" table_id="189">{09}</string>
	<string block_id="0" entry_id="1452" table_id="189">{09}</string>
	<string block_id="0" entry_id="1453" table_id="189">{09}</string>
	<string block_id="0" entry_id="1432" table_id="189">{09}</string>
	<string block_id="0" entry_id="1433" table_id="189">{09}</string>
	<string block_id="0" entry_id="1434" table_id="189">{09}</string>
	<string block_id="0" entry_id="1435" table_id="189">{09}</string>
	<string block_id="0" entry_id="1486" table_id="189">{09}</string>
	<string block_id="0" entry_id="1487" table_id="189">{09}</string>
	<string block_id="0" entry_id="1488" table_id="189">{09}</string>
	<string block_id="0" entry_id="1492" table_id="189">{09}</string>
	<string block_id="0" entry_id="1493" table_id="189">{09}</string>
	<string block_id="0" entry_id="1494" table_id="189">{09}</string>
	<string block_id="0" entry_id="1454" table_id="189">{09}</string>
	<string block_id="0" entry_id="1455" table_id="189">{09}</string>
	<string block_id="0" entry_id="1456" table_id="189">{09}</string>
	<string block_id="0" entry_id="1457" table_id="189">{09}</string>
	<string block_id="0" entry_id="1458" table_id="189">{09}</string>
	<string block_id="0" entry_id="1459" table_id="189">{09}</string>
	<string block_id="0" entry_id="1460" table_id="189">{09}</string>
	<string block_id="0" entry_id="1461" table_id="189">{09}</string>
	<string block_id="0" entry_id="1462" table_id="189">{09}</string>
	<string block_id="0" entry_id="1489" table_id="189">{09}</string>
	<string block_id="0" entry_id="1490" table_id="189">{09}</string>
	<string block_id="0" entry_id="1491" table_id="189">{09}</string>
	<string block_id="0" entry_id="1466" table_id="189">{09}</string>
	<string block_id="0" entry_id="1467" table_id="189">{09}</string>
	<string block_id="0" entry_id="1468" table_id="189">{09}</string>
	<string block_id="0" entry_id="1480" table_id="189">{09}</string>
	<string block_id="0" entry_id="1481" table_id="189">{09}</string>
	<string block_id="0" entry_id="1482" table_id="189">{09}</string>
	<string block_id="0" entry_id="1483" table_id="189">{09}</string>
	<string block_id="0" entry_id="1484" table_id="189">{09}</string>
	<string block_id="0" entry_id="1485" table_id="189">{09}</string>
	<string block_id="0" entry_id="1477" table_id="189">{09}</string>
	<string block_id="0" entry_id="1478" table_id="189">{09}</string>
	<string block_id="0" entry_id="1479" table_id="189">{09}</string>
	<string block_id="0" entry_id="1471" table_id="189">{09}</string>
	<string block_id="0" entry_id="1472" table_id="189">{09}</string>
	<string block_id="0" entry_id="1473" table_id="189">{09}</string>
	<string block_id="0" entry_id="1470" table_id="189">{09}</string>
	<string block_id="0" entry_id="1475" table_id="189">{09}</string>
	<string block_id="0" entry_id="1638" table_id="189">{09}</string>
	<string block_id="0" entry_id="1639" table_id="189">{09}</string>
	<string block_id="0" entry_id="1640" table_id="189">{09}</string>
	<string block_id="0" entry_id="1626" table_id="189">{09}</string>
	<string block_id="0" entry_id="1627" table_id="189">{09}</string>
	<string block_id="0" entry_id="1628" table_id="189">{09}</string>
	<string block_id="0" entry_id="1635" table_id="189">{09}</string>
	<string block_id="0" entry_id="1636" table_id="189">{09}</string>
	<string block_id="0" entry_id="1637" table_id="189">{09}</string>
	<string block_id="0" entry_id="1641" table_id="189">{09}</string>
	<string block_id="0" entry_id="1642" table_id="189">{09}</string>
	<string block_id="0" entry_id="1643" table_id="189">{09}</string>
	<string block_id="0" entry_id="1632" table_id="189">{09}</string>
	<string block_id="0" entry_id="1633" table_id="189">{09}</string>
	<string block_id="0" entry_id="1634" table_id="189">{09}</string>
	<string block_id="0" entry_id="1629" table_id="189">{09}</string>
	<string block_id="0" entry_id="1630" table_id="189">{09}</string>
	<string block_id="0" entry_id="1631" table_id="189">{09}</string>
	<string block_id="0" entry_id="1501" table_id="189">{09}</string>
	<string block_id="0" entry_id="1502" table_id="189">{09}</string>
	<string block_id="0" entry_id="1503" table_id="189">{09}</string>
	<string block_id="0" entry_id="1507" table_id="189">{09}</string>
	<string block_id="0" entry_id="1508" table_id="189">{09}</string>
	<string block_id="0" entry_id="1509" table_id="189">{09}</string>
	<string block_id="0" entry_id="1617" table_id="189">{09}</string>
	<string block_id="0" entry_id="1618" table_id="189">{09}</string>
	<string block_id="0" entry_id="1619" table_id="189">{09}</string>
	<string block_id="0" entry_id="1620" table_id="189">{09}</string>
	<string block_id="0" entry_id="1621" table_id="189">{09}</string>
	<string block_id="0" entry_id="1622" table_id="189">{09}</string>
	<string block_id="0" entry_id="1614" table_id="189">{09}</string>
	<string block_id="0" entry_id="1615" table_id="189">{09}</string>
	<string block_id="0" entry_id="1616" table_id="189">{09}</string>
	<string block_id="0" entry_id="1624" table_id="189">{09}</string>
	<string block_id="0" entry_id="1625" table_id="189">{09}</string>
	<string block_id="0" entry_id="1626" table_id="189">{09}</string>
	<string block_id="0" entry_id="1495" table_id="189">{09}</string>
	<string block_id="0" entry_id="1496" table_id="189">{09}</string>
	<string block_id="0" entry_id="1497" table_id="189">{09}</string>
	<string block_id="0" entry_id="1504" table_id="189">{09}</string>
	<string block_id="0" entry_id="1505" table_id="189">{09}</string>
	<string block_id="0" entry_id="1506" table_id="189">{09}</string>
	<string block_id="0" entry_id="1653" table_id="189">{09}</string>
	<string block_id="0" entry_id="1654" table_id="189">{09}</string>
	<string block_id="0" entry_id="1655" table_id="189">{09}</string>
	<string block_id="0" entry_id="1498" table_id="189">{09}</string>
	<string block_id="0" entry_id="1499" table_id="189">{09}</string>
	<string block_id="0" entry_id="1500" table_id="189">{09}</string>
	<string block_id="0" entry_id="1542" table_id="189">{09}</string>
	<string block_id="0" entry_id="1543" table_id="189">{09}</string>
	<string block_id="0" entry_id="1544" table_id="189">{09}</string>
	<string block_id="0" entry_id="1530" table_id="189">{09}</string>
	<string block_id="0" entry_id="1531" table_id="189">{09}</string>
	<string block_id="0" entry_id="1532" table_id="189">{09}</string>
	<string block_id="0" entry_id="1527" table_id="189">{09}</string>
	<string block_id="0" entry_id="1528" table_id="189">{09}</string>
	<string block_id="0" entry_id="1529" table_id="189">{09}</string>
	<string block_id="0" entry_id="1533" table_id="189">{09}</string>
	<string block_id="0" entry_id="1534" table_id="189">{09}</string>
	<string block_id="0" entry_id="1535" table_id="189">{09}</string>
	<string block_id="0" entry_id="1536" table_id="189">{09}</string>
	<string block_id="0" entry_id="1537" table_id="189">{09}</string>
	<string block_id="0" entry_id="1538" table_id="189">{09}</string>
	<string block_id="0" entry_id="1513" table_id="189">{09}</string>
	<string block_id="0" entry_id="1514" table_id="189">{09}</string>
	<string block_id="0" entry_id="1515" table_id="189">{09}</string>
	<string block_id="0" entry_id="1523" table_id="189">{09}</string>
	<string block_id="0" entry_id="1524" table_id="189">{09}</string>
	<string block_id="0" entry_id="1525" table_id="189">{09}</string>
	<string block_id="0" entry_id="1526" table_id="189">{09}</string>
	<string block_id="0" entry_id="1510" table_id="189">{09}</string>
	<string block_id="0" entry_id="1511" table_id="189">{09}</string>
	<string block_id="0" entry_id="1512" table_id="189">{09}</string>
	<string block_id="0" entry_id="1519" table_id="189">{09}</string>
	<string block_id="0" entry_id="1520" table_id="189">{09}</string>
	<string block_id="0" entry_id="1521" table_id="189">{09}</string>
	<string block_id="0" entry_id="1522" table_id="189">{09}</string>
	<string block_id="0" entry_id="19" table_id="189">{09}</string>
	<string block_id="0" entry_id="231" table_id="189">{09}</string>
	<string block_id="0" entry_id="232" table_id="189">{09}</string>
	<string block_id="0" entry_id="233" table_id="189">{09}</string>
	<string block_id="0" entry_id="821" table_id="189">{09}</string>
	<string block_id="0" entry_id="0" table_id="205">{09}</string>
	<string block_id="0" entry_id="1539" table_id="189">{09}</string>
	<string block_id="0" entry_id="1540" table_id="189">{09}</string>
	<string block_id="0" entry_id="1541" table_id="189">{09}</string>
	<string block_id="0" entry_id="1581" table_id="189">{09}</string>
    <string block_id="0" entry_id="1761" table_id="189">{09}</string>
    <string block_id="0" entry_id="1577" table_id="189">{09}</string>
    <string block_id="0" entry_id="1585" table_id="189">{09}</string>
    <string block_id="0" entry_id="1623" table_id="189">{09}</string>
    <string block_id="0" entry_id="151" table_id="189">{09}</string>
    <string block_id="0" entry_id="1342" table_id="189">{09}</string>
    <string block_id="0" entry_id="134" table_id="189">{09}</string>
    <string block_id="0" entry_id="1599" table_id="189">{09}</string>
    <string block_id="0" entry_id="128" table_id="189">{09}</string>
    
</ds_strings_archive>