<?xml version="1.0" encoding="UTF-8" standalone="no"?>
<strings is_override="0" is_primary="0" lang="en" lang_full="English">
    <!-- Kanto HMs  -->
    <string id="1826775">{03}!</string>
    <string id="1826973">Rock Smash?</string>
    <string id="1827042">Rock Smash not learned.</string>
    <string id="1826708">Cut?</string>
    <string id="1826775">Cut!</string>
    <string id="1826787">Cut not learned.</string>
    <string id="1725806">Surf?<string>
    <string id="271003606">Surf?</string>
    <string id="1725861">Surf!</string>


    <!-- Hoenn HMs -->
    <string id="271124337">{03}!</string>
    <string id="271124270">Cut?</string>
    <string id="271124349">Cut not learned.</string>
    <string id="271124538">Rock Smash?</string>
    <string id="271124607">Rock Smash not learned.</string>
    <string id="271124780">Strength?</string>
    <string id="271124876">Strength!</string>
    <string id="271124950">Strength not learned.</string>
    <string id="271125014">Strength!</string>
    <string id="271125134">Waterfall not learned.</string>
    <string id="271125187">Waterfall?</string>
    <string id="271125244">Waterfall!</string>
    <string id="271125418">Dive not learned.</string>
    <string id="271125480">Dive?</string>
    <string id="271125530">Dive!</string>
    <string id="271125544">Dive not learned.</string>
    <string id="271125614">Dive?</string>
</strings>